{"cameraMode":{"drawMode":0,"name":"Shaded","section":"Shading Mode"},"sceneLighting":true,"audioPlay":false,"sceneViewState":{"m_AlwaysRefresh":false,"showFog":true,"showSkybox":true,"showFlares":true,"showImageEffects":true,"showParticleSystems":true,"showVisualEffectGraphs":true,"m_FxEnabled":true},"in2DMode":false,"pivot":{"x":12.372318267822266,"y":0.3095247745513916,"z":13.389583587646485},"rotation":{"x":-0.057287897914648059,"y":-0.5130594968795776,"z":0.034457817673683169,"w":-0.8558357357978821},"size":10.468844413757325,"orthographic":false}