{"cameraMode":{"drawMode":0,"name":"Shaded","section":"Shading Mode"},"sceneLighting":true,"audioPlay":false,"sceneViewState":{"m_AlwaysRefresh":false,"showFog":true,"showSkybox":true,"showFlares":true,"showImageEffects":true,"showParticleSystems":true,"showVisualEffectGraphs":true,"m_FxEnabled":true},"in2DMode":false,"pivot":{"x":1.700948715209961,"y":5.872673034667969,"z":2.9915575981140138},"rotation":{"x":-0.009051894769072533,"y":0.6776242256164551,"z":-0.008341711014509201,"w":-0.7353052496910095},"size":13.867837905883789,"orthographic":false}