{"cameraMode":{"drawMode":0,"name":"Shaded","section":"Shading Mode"},"sceneLighting":false,"audioPlay":false,"sceneViewState":{"m_AlwaysRefresh":false,"showFog":true,"showSkybox":false,"showFlares":true,"showImageEffects":true,"showParticleSystems":true,"showVisualEffectGraphs":true,"m_FxEnabled":true},"in2DMode":false,"pivot":{"x":-2.3379018306732179,"y":0.687620222568512,"z":-0.8059089183807373},"rotation":{"x":0.07498790323734284,"y":0.8976349234580994,"z":-0.16841015219688416,"w":0.40051889419555666},"size":4.918420791625977,"orthographic":false}