{"cameraMode":{"drawMode":0,"name":"Shaded","section":"Shading Mode"},"sceneLighting":true,"audioPlay":false,"sceneViewState":{"m_AlwaysRefresh":false,"showFog":true,"showSkybox":true,"showFlares":true,"showImageEffects":true,"showParticleSystems":true,"showVisualEffectGraphs":true,"m_FxEnabled":true},"in2DMode":false,"pivot":{"x":3.599431037902832,"y":0.28946399688720705,"z":-3.1305103302001955},"rotation":{"x":-0.06425215303897858,"y":0.9333062171936035,"z":-0.21244210004806519,"w":-0.2822745144367218},"size":13.418004989624024,"orthographic":false}